Islem_Sikligi,IP_Sapmasi,Gas_Sapmasi
1.748357,0.047235,0.132384
2.261515,0.045317,0.088293
2.289606,0.065349,0.076526
1.771280,0.040732,0.076714
1.620981,0.011734,0.013754
1.218856,0.029743,0.115712
1.045988,0.021754,0.173282
1.387112,0.051351,0.028763
1.227809,0.052218,0.042450
1.687849,0.037987,0.085415
1.199147,0.087046,0.099325
0.971145,0.066451,0.038958
1.604432,0.010807,0.033591
1.598431,0.064769,0.108568
1.442176,0.043978,0.026074
1.140078,0.040787,0.152856
1.671809,0.014739,0.116204
1.307459,0.036462,0.130584
2.015500,0.068626,0.058039
1.345394,0.056625,0.148777
1.260413,0.046287,0.044683
0.901897,0.066251,0.167812
1.463995,0.070071,0.118082
1.177440,0.057228,0.176902
1.482087,0.081293,0.000000
1.910951,0.051741,0.085050
1.545880,0.010249,0.089016
1.678556,0.079558,0.074086
1.095753,0.039965,0.145770
1.664376,0.039405,0.125663
1.548539,0.069373,0.064897
1.336169,0.042158,0.026824
1.648060,0.055221,0.100256
1.382706,0.021693,0.078968
1.328643,0.033954,0.091936
1.702025,0.087724,0.108729
1.628775,0.048511,0.004061
1.486743,0.051205,0.223162
1.403820,0.056031,0.098264
0.915661,0.072856,0.137597
1.895516,0.031812,0.170140
0.799074,0.061737,0.209523
1.004732,0.038674,0.104983
1.248262,0.018987,0.103428
0.968848,0.059472,0.054029
2.274967,0.034335,0.083897
1.906759,0.025383,0.111373
2.153571,0.017850,0.109232
1.629941,0.065636,0.038152
0.839772,0.060439,0.114849
1.625246,0.056929,0.065999
1.616127,0.055861,0.064282
2.432887,0.059477,0.040435
1.828277,0.030506,0.139354
2.079298,0.033586,0.148169
1.706390,0.066441,0.194840
1.377306,0.034925,0.055524
1.092095,0.048458,0.117058
1.638345,0.066544,0.100650
2.226767,0.044707,0.236008
1.812834,0.032857,0.046455
1.741236,0.045531,0.135700
1.736619,0.048543,0.057660
0.742576,0.041070,0.142820
1.607047,0.025085,0.108659
1.692659,0.032323,0.107686
1.529104,0.027141,0.117889
1.780392,0.071661,0.152690
0.811165,0.031243,0.125752
1.756893,0.060301,0.292637
1.785445,0.072711,0.147700
1.825696,0.043695,0.137948
1.113587,0.045264,0.075732
1.540937,0.096293,0.006637
1.843130,0.017746,0.076403
2.044475,0.051286,0.046113
1.142348,0.063592,0.063482
1.608229,0.050911,0.067420
2.571972,0.062678,0.000000
1.593227,0.036764,0.142622
1.103740,0.047705,0.125249
1.932878,0.025994,0.083275
1.262527,0.036933,0.188273
1.702491,0.024782,0.145893
2.561078,0.070649,0.024032
1.257883,0.075338,0.064617
1.721910,0.065493,0.053653
1.470237,0.000000,0.048781
1.373716,0.025044,0.181621
0.784929,0.041199,0.106537
2.220637,0.021283,0.158158
1.505117,0.030370,0.123105
1.599530,0.037996,0.103490
1.307343,0.052270,0.133107
2.293008,0.025244,0.206652
0.523956,0.046964,0.129416
1.640496,0.037546,0.089594
1.253500,0.038213,0.142480
1.678508,0.036142,0.144980
1.653650,0.066257,0.131481
1.085502,0.038796,0.137365
1.805185,0.049582,0.105866
2.138832,0.038169,0.127355
1.398904,0.045646,0.154939
1.912708,0.066270,0.165274
1.510502,0.063639,0.084487
1.662083,0.047397,0.104850
1.797579,0.033636,0.204619
0.996991,0.025716,0.157906
1.895831,0.062482,0.131417
1.493877,0.032055,0.103790
1.161419,0.069502,0.092647
1.087251,0.043572,0.120647
1.218138,0.033556,0.112184
1.622483,0.039861,0.076448
1.616025,0.021038,0.029627
1.140778,0.045731,0.115545
2.237678,0.067153,0.092003
1.490492,0.029949,0.099074
1.355671,0.056454,0.058638
1.759673,0.080655,0.094562
1.700856,0.063803,0.079939
1.612046,0.050252,0.104884
1.113495,0.050490,0.124900
2.225572,0.069185,0.207659
1.116326,0.067446,0.109167
2.594901,0.033834,0.058014
1.200304,0.007522,0.073712
1.120434,0.053008,0.117088
2.438085,0.069008,0.071155
1.050793,0.059838,0.033988
2.415729,0.073589,0.076541
0.643433,0.077077,0.094273
2.118908,0.018111,0.070031
1.502622,0.050940,0.077497
1.811425,0.028648,0.092881
1.560148,0.060289,0.135581
0.937679,0.019318,0.163884
1.666157,0.035030,0.177558
1.557837,0.073586,0.103376
2.530374,0.085107,0.087552
1.985785,0.062908,0.168432
1.017538,0.063721,0.152921
0.620630,0.026335,0.000000
1.365297,0.064351,0.175118
1.537047,0.082572,0.030995
0.648309,0.048889,0.119203
1.483653,0.008651,0.095544
0.847765,0.063393,0.118330
1.030060,0.039723,0.047039
1.468660,0.069103,0.050714
1.752023,0.039395,0.060356
1.446485,0.029295,0.072318
0.901061,0.089295,0.101763
1.150137,0.054280,0.094384
1.389515,0.062283,0.137875
1.234749,0.038484,0.086247
0.349039,0.019696,0.168344
2.322484,0.045019,0.128828
1.655625,0.111578,0.155979
1.436041,0.030889,0.019678
1.601732,0.034873,0.028887
1.176714,0.028369,0.184357
1.940820,0.049841,0.173997
1.538684,0.032774,0.176156
1.769455,0.029255,0.090483
1.062191,0.022344,0.146309
2.454708,0.022029,0.128148
1.174679,0.040257,0.070380
1.068005,0.050970,0.058452
1.635228,0.048995,0.088053
1.046218,0.038465,0.137770
1.750459,0.030449,0.104967
1.875694,0.016612,0.127168
1.168688,0.061412,0.061837
0.597559,0.017449,0.102404
1.629861,0.031914,0.131930
0.669240,0.048678,0.039449
1.174082,0.050948,0.056979
1.307722,0.070126,0.071155
1.917846,0.027406,0.126490
2.220784,0.000567,0.060155
1.788536,0.045939,0.118557
1.198007,0.051732,0.092216
2.083891,0.055088,0.116880
1.294062,0.040248,0.078372
1.697226,0.041580,0.114489
2.537700,0.067422,0.083699
2.100607,0.041838,0.000000
0.995957,0.012584,0.082424
1.509209,0.083529,0.116346
1.390450,0.066588,0.000000
1.617807,0.065417,0.026071
2.071877,0.056770,0.079236
1.816391,0.095414,0.109093
1.624110,0.040813,0.057508
1.915168,0.032878,0.103578
1.261171,0.059580,0.116683
2.018770,0.039800,0.086506
1.010618,0.041114,0.118865
1.878494,0.031557,0.143480
2.177819,0.058269,0.193840
1.113105,0.025107,0.011064
2.248022,0.063087,0.097221
1.639984,0.027490,0.222288
1.564611,0.052188,0.136288
1.740505,0.054478,0.060476
1.735734,0.087640,0.167271
2.296593,0.039776,0.050520
1.437107,0.051114,0.154710
0.653768,0.080591,0.092100
1.286559,0.029758,0.017257
1.911585,0.051466,0.035502
0.852461,0.043284,0.183451
1.370204,0.019937,0.087713
1.363638,0.000000,0.097285
1.384533,0.063924,0.192448
2.063283,0.044622,0.044674
2.786680,0.051184,0.100696
1.487937,0.053962,0.092782
1.213169,0.039063,0.098362
1.228288,0.035743,0.105322
1.372511,0.080080,0.000000
2.045753,0.074922,0.000000
1.328656,0.042571,0.029624
1.111092,0.027788,0.187614
1.967839,0.075431,0.136084
0.935474,0.039510,0.124469
0.888936,0.064260,0.087984
1.312590,0.064219,0.122213
1.319517,0.073187,0.045947
1.807968,0.061862,0.084523
1.663067,0.024978,0.146201
1.407549,0.039546,0.152450
1.147828,0.021831,0.022169
1.803005,0.024391,0.187740
0.459035,0.083929,0.110551
1.451643,0.039102,0.119957
1.481183,0.072066,0.105711
1.575151,0.042728,0.097153
1.653901,0.015797,0.032591
1.871632,0.053417,0.090801
1.509217,0.056952,0.073012
1.110848,0.053917,0.051081
1.704126,0.015948,0.151458
1.736299,0.055121,0.149135
2.332737,0.070287,0.007956
0.860212,0.037504,0.101305
1.758830,0.035485,0.109338
1.122309,0.037770,0.029667
1.038383,0.022966,0.051206
2.026821,0.031012,0.231619
1.746659,0.053697,0.057082
1.850155,0.038487,0.106100
2.780042,0.048079,0.157464
1.148412,0.049300,0.188540
1.186516,0.086249,0.135388
1.218767,0.062648,0.148628
1.810905,0.018596,0.063643
1.376241,0.048511,0.131034
1.588851,0.023293,0.119010
1.805293,0.061196,0.154039
1.916961,0.059184,0.096492
0.669520,0.058592,0.110384
1.635789,0.024465,0.045947
2.026576,0.049209,0.134075
1.514159,0.050595,0.146914
1.241978,0.051922,0.076886
1.282752,0.043817,0.111107
1.260626,0.075115,0.055270
1.406564,0.041205,0.172349
1.598277,0.070637,0.025722
1.633525,0.067793,0.104114
2.032740,0.039654,0.170467
2.649449,0.042743,0.077725
2.226692,0.081591,0.073857
1.289907,0.044364,0.032777
1.040674,0.029917,0.061610
1.482658,0.054684,0.177525
1.000823,0.069686,0.089301
1.475268,0.063496,0.043864
1.691205,0.053329,0.124623
1.644584,0.099106,0.068113
1.234502,0.037537,0.072226
1.181306,0.073780,0.171025
1.214627,0.033353,0.123571
1.223888,0.062659,0.110146
0.742128,0.080950,0.189794
1.193606,0.042246,0.114293
1.667228,0.063171,0.200510
1.411526,0.034034,0.031034
1.134535,0.049337,0.189728
1.241194,0.054476,0.099179
2.094197,0.100539,0.073457
1.255280,0.070883,0.134095
2.423354,0.061679,0.082035
1.795327,0.072174,0.141024
1.753637,0.071333,0.158465
2.191079,0.062974,0.091644
1.573357,0.074130,0.059153
1.684337,0.042133,0.101437
2.139226,0.053822,0.102322
0.820072,0.064925,0.132274
2.581627,0.043844,0.110958
1.624692,0.081549,0.095235
1.639511,0.062158,0.109330
1.276783,0.053882,0.153682
0.986742,0.052659,0.064994
2.097523,0.019536,0.072054
1.688606,0.081310,0.096712
1.222400,0.087623,0.027599
0.400597,0.058800,0.074897
0.989384,0.064167,0.112190
1.217961,0.024394,0.143623
1.825101,0.048016,0.192332
0.964958,0.019489,0.065405
1.477207,0.054867,0.087938
1.676028,0.024969,0.172188
1.458924,0.072346,0.117136
1.728377,0.061395,0.122385
1.821361,0.076583,0.109826
1.854502,0.048205,0.172006
1.161804,0.086019,0.097992
0.784612,0.052562,0.065947
1.920322,0.036948,0.077691
0.555230,0.040954,0.000000
0.708049,0.065208,0.139290
1.712729,0.030660,0.097614
1.498199,0.026833,0.175170
1.938681,0.045581,0.101344
1.604191,0.009165,0.087641
1.159008,0.029968,0.085945
2.398843,0.062817,0.071441
1.786291,0.077987,0.146232
1.529815,0.037061,0.134911
1.696743,0.067904,0.131759
2.024776,0.039295,0.165870
1.598800,0.091505,0.065541
2.367982,0.053958,0.067429
1.258057,0.043593,0.121208
1.761418,0.038526,0.098782
2.571135,0.084551,0.121816
1.519002,0.052401,0.130676
0.988604,0.044852,0.016571
1.699612,0.062944,0.075841
2.286993,0.025485,0.026781
1.612226,0.070942,0.184196
1.270558,0.071574,0.098075
1.413686,0.067673,0.132616
0.711804,0.079531,0.169005
1.187219,0.057916,0.124702
1.630337,0.038994,0.066419
1.487223,0.073455,0.127180
1.314693,0.065434,0.000000
2.074383,0.015206,0.081878
0.940165,0.024106,0.158041
1.266149,0.056930,0.097654
1.738520,0.051536,0.035850
1.998133,0.040125,0.022171
1.285942,0.080015,0.142511
1.325674,0.043015,0.083918
2.538374,0.057639,0.121502
2.015142,0.054776,0.087048
1.401825,0.048568,0.098139
1.863815,0.051039,0.136632
1.459642,0.051573,0.000090
1.958164,0.056930,0.149901
0.051872,0.091767,0.093021
2.054091,0.029202,0.130639
0.973292,0.037525,0.195702
1.404659,0.054349,0.143503
1.747841,0.053008,0.118248
2.701708,0.048848,0.110055
2.025327,0.072111,0.159352
1.819365,0.027140,0.181672
0.926827,0.056053,0.062286
1.467931,0.056575,0.116068
1.710960,0.082274,0.122677
1.377922,0.069282,0.159474
0.886196,0.061948,0.135059
1.351218,0.077514,0.092497
1.562788,0.046539,0.100779
0.951862,0.021199,0.179725
1.076519,0.030172,0.000000
1.180519,0.023538,0.182101
2.004909,0.036237,0.212622
1.990883,0.043503,0.000000
2.645471,0.022209,0.017730
2.011285,0.098795,0.169214
1.781955,0.061895,0.142671
1.879464,0.055624,0.105210
1.468703,0.034921,0.085966
0.653522,0.048033,0.050570
0.948205,0.053598,0.169600
1.959158,0.018590,0.050519
1.970386,0.030350,0.088768
1.775026,0.030633,0.105269
0.832987,0.037973,0.115989
0.703503,0.058809,0.099018
1.776245,0.054478,0.168207
1.562612,0.041412,0.106115
1.771649,0.050977,0.102030
1.149004,0.036742,0.029870
2.374788,0.025123,0.065355
1.140796,0.067898,0.085253
2.123871,0.036530,0.113950
1.082326,0.092903,0.040620
1.654910,0.062676,0.120690
1.407356,0.047404,0.102191
1.426499,0.069278,0.210526
1.221254,0.022604,0.095586
2.789855,0.033927,0.181956
2.338850,0.038928,0.128449
2.314198,0.042417,0.089821
1.209160,0.029705,0.067536
0.888030,0.050682,0.061501
1.616893,0.018882,0.116544
1.916764,0.010125,0.118703
2.113834,0.025807,0.183629
1.709510,0.035900,0.097212
1.779163,0.051520,0.126938
1.039663,0.053387,0.029314
1.444387,0.031922,0.063224
2.118047,0.071826,0.130457
0.953844,0.043672,0.160655
1.570858,0.096387,0.119666
1.596025,0.043818,0.106677
1.423765,0.064162,0.147835
1.107005,0.023375,0.008190
1.753996,0.027933,0.000000
1.694289,0.099860,0.099696
1.919245,0.051637,0.095056
1.959538,0.044195,0.113370
1.660849,0.036638,0.149602
1.412520,0.034885,0.126825
1.050766,0.050564,0.099544
2.042948,0.059494,0.098749
1.908883,0.077804,0.127891
1.505176,0.023763,0.046744
1.347388,0.037810,0.090651
1.528325,0.060594,0.096475
1.743251,0.051289,0.001227
1.030332,0.047118,0.039515
1.799964,0.080615,0.160938
1.393279,0.079815,0.107433
1.331457,0.037732,0.084877
1.305912,0.053408,0.108029
1.501523,0.058739,0.159532
1.974777,0.020302,0.000000
1.967160,0.022662,0.088762
0.914943,0.013960,0.127073
1.879578,0.038470,0.000000
1.226878,0.057836,0.026054
1.591680,0.049694,0.128965
1.559790,0.030539,0.159829
1.420735,0.049454,0.053337
1.278359,0.032304,0.091353
2.355854,0.022562,0.019322
2.235585,0.045814,0.066546
2.019952,0.037888,0.191300
1.838963,0.040242,0.207865
1.197143,0.064842,0.114965
2.150871,0.081230,0.101600
1.123291,0.059199,0.066114
2.506694,0.052731,0.081734
1.592340,0.023057,0.051419
2.100207,0.036862,0.047654
1.768326,0.073714,0.135948
1.998024,0.034864,0.028909
2.250667,0.043546,0.087458
2.164097,0.061125,0.122794
2.582501,0.037130,0.146392
1.528507,0.055372,0.176423
1.753918,0.060766,0.153625
1.317524,0.033216,0.047760
0.516822,0.091124,0.044840
1.389373,0.044464,0.115370
1.907869,0.067209,0.070846
1.416439,0.055652,0.087565
2.303673,0.059819,0.136744
1.831441,0.073469,0.109051
0.851584,0.057994,0.067432
1.235692,0.061727,0.161914
1.510636,0.056177,0.185111
1.620377,0.102034,0.128275
0.619619,0.065067,0.119058
2.144876,0.063464,0.093077
0.887851,0.045820,0.057474
1.209738,0.061772,0.183495
1.697336,0.026082,0.122230
2.098316,0.037804,0.093299
1.507344,0.034302,0.132414
1.439526,0.058391,0.055625
1.281271,0.064448,0.081358
2.363482,0.042007,0.111234
1.966295,0.021633,0.011960
0.737172,0.075252,0.072407
2.779100,0.038715,0.109228
2.271055,0.090122,0.203075
2.104183,0.070481,0.129626
1.889181,0.038976,0.059090
1.498313,0.046596,0.077339
1.848194,0.069106,0.104420
2.238765,0.027166,0.090317
1.141589,0.012669,0.095866
1.439126,0.080269,0.131541
0.987907,0.087082,0.161052
1.791049,0.045470,0.052028
1.313897,0.071775,0.194229
2.271622,0.040223,0.044019
1.570443,0.014631,0.116158
1.426199,0.040679,0.020265
1.756800,0.039346,0.041504
0.063869,0.049450,0.188613
2.330630,0.040858,0.069889
1.734387,0.030032,0.115090
1.883040,0.074539,0.094992
1.398163,0.032440,0.058656
1.386761,0.057347,0.145679
1.098411,0.079854,0.086444
1.489316,0.035056,0.000000
1.942023,0.064737,0.085934
1.533495,0.060319,0.021873
1.235474,0.065885,0.037286
1.646779,0.022868,0.123321
1.482179,0.017697,0.158237
1.132704,0.033795,0.110028
2.074319,0.029684,0.103084
1.714408,0.063862,0.108822
1.316486,0.033448,0.104307
0.963930,0.000000,0.121828
1.951967,0.002741,0.049513
1.809577,0.091150,0.101040
1.135999,0.046342,0.168744
1.177018,0.034016,0.075863
1.023336,0.052453,0.181234
1.661540,0.044953,0.085409
0.718405,0.067662,0.096108
1.409760,0.113862,0.114938
1.124104,0.041473,0.157422
1.556635,0.021234,0.145961
1.165928,0.087466,0.154002
1.276339,0.075620,0.103393
1.926387,0.059695,0.057682
1.178225,0.070599,0.083261
1.298176,0.030898,0.121180
2.531262,0.028649,0.101211
2.206110,0.048407,0.122619
0.968803,0.058566,0.090643
1.992865,0.073748,0.229478
1.789817,0.056516,0.109719
1.323417,0.056770,0.085230
1.584230,0.076352,0.049673
2.069939,0.076342,0.094097
0.439073,0.037844,0.164850
1.488566,0.030014,0.074761
1.920310,0.060935,0.088053
1.316588,0.042165,0.053879
2.307688,0.043554,0.160858
2.260658,0.069966,0.078419
1.701865,0.049516,0.054815
1.662180,0.026419,0.159384
1.267691,0.054023,0.114164
1.370548,0.061734,0.076255
1.935649,0.023080,0.106319
2.469464,0.029993,0.066113
1.756954,0.053592,0.117532
1.744594,0.062694,0.155485
1.704909,0.045175,0.133629
2.449941,0.047347,0.051274
2.053540,0.047592,0.000000
1.923711,0.039293,0.095473
1.665990,0.053810,0.135473
1.282257,0.060262,0.087023
1.869405,0.062307,0.053228
2.042991,0.039281,0.140403
1.683644,0.086764,0.088827
1.325342,0.049612,0.084841
1.899971,0.017674,0.047316
0.966099,0.069006,0.185531
1.447775,0.046624,0.103503
2.080939,0.031453,0.111918
1.987599,0.060022,0.109479
2.000523,0.000000,0.133894
1.172962,0.013387,0.125560
2.186829,0.047251,0.147644
2.306139,0.076298,0.181998
1.871064,0.051509,0.019902
1.376969,0.033135,0.208547
1.412057,0.052464,0.127574
1.521801,0.083901,0.068868
1.597304,0.035151,0.033999
1.194115,0.049259,0.078535
1.153790,0.021874,0.095845
0.747640,0.065201,0.104122
0.771224,0.043816,0.062392
1.659587,0.076809,0.006241
1.557513,0.046797,0.133567
1.606598,0.034961,0.084047
1.101987,0.071520,0.101066
2.450595,0.048787,0.064580
0.743143,0.013937,0.020793
1.633563,0.060175,0.020940
1.947519,0.040339,0.107340
2.306110,0.067937,0.086573
1.054404,0.006964,0.064042
1.394435,0.030256,0.093437
1.538426,0.045503,0.067500
1.584327,0.058839,0.045480
2.205466,0.048028,0.100942
1.854107,0.054664,0.147657
1.643562,0.037751,0.118075
0.928137,0.052171,0.098339
1.395942,0.047429,0.005908
1.225638,0.051857,0.107993
0.986162,0.075314,0.056691
1.984729,0.058544,0.067689
2.387655,0.026127,0.145958
2.000291,0.036588,0.169623
1.374977,0.055774,0.113016
1.432846,0.066216,0.139674
0.625734,0.076087,0.016875
2.016273,0.072534,0.045452
1.294593,0.027886,0.089254
1.345983,0.065593,0.165515
2.197842,0.038757,0.089539
0.658281,0.033883,0.148243
2.307791,0.025313,0.070377
1.486797,0.055603,0.059520
1.712031,0.040523,0.099277
1.773142,0.050128,0.078181
1.445195,0.048233,0.081499
1.370602,0.081973,0.128046
1.352260,0.063939,0.083309
2.086562,0.057393,0.094635
1.723858,0.018582,0.043662
0.903037,0.052859,0.186626
2.615650,0.062761,0.125042
0.599471,0.039147,0.060611
1.189576,0.046637,0.076395
0.510350,0.064958,0.046363
1.619623,0.091482,0.054031
0.234856,0.044280,0.155048
2.479174,0.025409,0.124835
1.267345,0.047881,0.232217
0.748515,0.055075,0.123385
2.042893,0.051960,0.115403
1.304176,0.055383,0.082840
1.810786,0.042608,0.118855
1.485369,0.072521,0.097430
0.613484,0.075238,0.054713
1.173117,0.038087,0.168722
0.432163,0.112755,0.152803
1.611619,0.048902,0.114278
1.760561,0.062904,0.127780
1.544790,0.046053,0.092436
1.402546,0.072675,0.129678
0.029806,0.063118,0.109737
1.490646,0.042230,0.156206
1.973763,0.034542,0.120353
1.014172,0.022408,0.068664
1.931197,0.069063,0.125654
1.862548,0.060324,0.067926
1.715961,0.066008,0.137715
2.094457,0.064166,0.117572
2.035075,0.049470,0.055906
1.418467,0.035102,0.066241
1.427741,0.034152,0.084602
0.553193,0.054266,0.100060
1.091456,0.063185,0.146879
0.696220,0.034746,0.061543
1.030048,0.066589,0.090309
1.367743,0.009923,0.131771
0.880371,0.051199,0.113869
2.180329,0.023824,0.000000
1.591925,0.086010,0.161947
1.604830,0.040167,0.140356
1.013227,0.059527,0.125274
2.030105,0.105193,0.119621
1.245518,0.049489,0.011546
1.152643,0.041814,0.073796
1.576177,0.033552,0.156052
1.500104,0.049814,0.083605
1.577595,0.066502,0.056643
1.170942,0.043925,0.032706
1.090371,0.040476,0.143719
1.631281,0.053872,0.142545
1.431314,0.057809,0.094839
1.632681,0.038345,0.000000
1.432860,0.078455,0.146311
1.982699,0.074723,0.104433
1.598658,0.037647,0.084196
1.807886,0.074078,0.093028
1.274905,0.050011,0.130060
0.778073,0.004076,0.072473
0.889644,0.039837,0.092611
1.273376,0.079049,0.116337
1.650237,0.062444,0.043058
2.019556,0.048485,0.133524
0.964071,0.018925,0.140894
1.688205,0.031959,0.056517
2.062717,0.026212,0.182134
1.049690,0.062768,0.083569
1.801594,0.039118,0.091860
1.520460,0.029956,0.137041
1.243393,0.045428,0.050283
0.218833,0.046179,0.220631
1.892302,0.049615,0.086855
1.511233,0.060942,0.040959
2.057161,0.064308,0.135909
1.719238,0.050392,0.133643
1.795907,0.042919,0.071320
1.550928,0.080980,0.038045
0.766237,0.053295,0.102544
1.586671,0.054879,0.088840
2.244932,0.017982,0.058575
1.448373,0.017136,0.091207
2.330735,0.050418,0.111535
0.869918,0.037673,0.081240
1.341142,0.075633,0.127885
0.944271,0.054930,0.124911
2.070075,0.081611,0.049245
1.094571,0.024848,0.088299
1.733179,0.069747,0.096202
1.340076,0.053035,0.058243
2.544769,0.017847,0.109237
2.511803,0.050136,0.090498
1.321277,0.046392,0.168642
0.394069,0.080669,0.028802
1.366674,0.041415,0.129428
0.700938,0.059243,0.201215
0.818413,0.053794,0.066901
1.712944,0.050383,0.067926
1.743936,0.086087,0.090455
1.859879,0.024135,0.052178
1.736203,0.079682,0.117781
1.343471,0.049986,0.037480
1.802258,0.067647,0.077395
1.264979,0.055318,0.078164
1.466934,0.091994,0.087649
1.320830,0.037049,0.137210
1.409388,0.037013,0.166065
2.209802,0.037992,0.006673
2.003757,0.036307,0.139531
0.514948,0.067852,0.039441
1.865382,0.050285,0.052303
1.296482,0.063726,0.105295
1.792206,0.089529,0.021788
2.308606,0.052087,0.055061
0.834843,0.046218,0.146083
1.436225,0.080223,0.027441
1.493956,0.024952,0.118182
1.943444,0.041585,0.000000
1.599474,0.058735,0.120215
2.117891,0.028579,0.134011
2.096254,0.014428,0.115983
1.247910,0.048370,0.117384
1.256386,0.036486,0.101708
0.956377,0.028283,0.133969
0.925603,0.063326,0.123130
0.637097,0.036449,0.159705
1.009417,0.040712,0.123103
1.891695,0.044969,0.070124
2.211185,0.084778,0.148943
1.542659,0.033835,0.058478
1.761257,0.058368,0.170080
1.825225,0.019938,0.152597
1.000970,0.042321,0.112510
2.497834,0.112198,0.130336
1.408402,0.060690,0.144383
1.339666,0.085904,0.111504
1.748872,0.063318,0.121079
1.919470,0.037655,0.072085
0.949923,0.058790,0.138947
1.728886,0.083490,0.099720
1.834371,0.028166,0.080645
1.847769,0.066982,0.085302
1.464200,0.019643,0.082149
1.945192,0.061504,0.125033
1.524887,0.050141,0.066984
1.849414,0.058419,0.124601
1.236983,0.006933,0.154858
1.260581,0.032744,0.134674
1.303994,0.071199,0.130850
1.841785,0.022681,0.160597
1.630625,0.042614,0.107169
0.611882,0.058173,0.048531
0.823665,0.019553,0.155634
1.185368,0.080675,0.073210
0.646321,0.027670,0.161791
1.422051,0.039034,0.108001
1.750891,0.072348,0.172425
1.320116,0.023479,0.079327
1.630140,0.030725,0.052142
1.671894,0.049027,0.101640
1.120752,0.045392,0.053788
1.945099,0.070705,0.007691
1.035245,0.020069,0.067499
1.458281,0.021007,0.053907
0.998021,0.054145,0.103467
1.139131,0.053536,0.072666
1.364172,0.083469,0.167023
0.850209,0.066595,0.140570
0.925868,0.066376,0.176897
0.938728,0.031650,0.150883
1.635748,0.061030,0.117029
1.695348,0.023471,0.152366
2.084795,0.045412,0.097826
0.734446,0.060285,0.128603
1.468904,0.072487,0.083296
1.782303,0.029607,0.098822
1.412823,0.054506,0.081524
1.434264,0.066521,0.078162
0.696711,0.084992,0.169073
0.853869,0.063794,0.074851
1.631744,0.055884,0.088280
1.108117,0.036189,0.054190
1.084089,0.048656,0.064212
1.841026,0.079745,0.070997
1.619702,0.059994,0.123600
1.537978,0.064854,0.124112
0.881169,0.067383,0.144365
1.118357,0.050759,0.134166
1.395343,0.071460,0.218194
1.107007,0.022379,0.115191
1.860781,0.045383,0.172663
0.830697,0.063858,0.069707
2.359689,0.089850,0.061667
1.225221,0.067192,0.080643
1.477294,0.050508,0.004016
1.493081,0.036205,0.075344
2.221816,0.024870,0.140660
1.360519,0.044405,0.139519
1.670026,0.061412,0.148409
1.334346,0.037755,0.045742
1.087295,0.108982,0.162234
0.824463,0.023551,0.124093
1.773632,0.060978,0.087252
1.437273,0.056558,0.104295
0.390350,0.045404,0.057430
1.587606,0.109705,0.118374
1.343235,0.068436,0.124134
1.710047,0.062137,0.202827
0.934556,0.059473,0.053681
1.777756,0.031626,0.079132
1.352455,0.069516,0.145923
0.877141,0.051099,0.064521
0.870748,0.045660,0.084576
2.713358,0.058659,0.031119
1.217613,0.070428,0.204422
0.707008,0.012402,0.193548
1.694807,0.032634,0.126731
0.182126,0.050068,0.116391
1.962135,0.029722,0.104284
1.037288,0.055108,0.055233
1.295950,0.030084,0.132557
1.929226,0.045308,0.101912
0.775704,0.044006,0.097490
2.810397,0.027761,0.173209
1.998429,0.055613,0.187931
1.686053,0.057783,0.097344
2.111784,0.071929,0.068716
0.840376,0.045940,0.059998
1.468238,0.074749,0.077135
1.478588,0.051160,0.142422
0.376555,0.037866,0.110564
2.100039,0.040162,0.006172
1.809856,0.037293,0.040517
1.187827,0.046309,0.069763
0.397217,0.067941,0.163744
1.825761,0.027246,0.089925
1.496739,0.061976,0.133417
1.132913,0.051640,0.122864
2.227911,0.064090,0.139453
1.541913,0.078209,0.120488
1.069456,0.078067,0.134895
1.278478,0.040410,0.114829
1.731592,0.053946,0.115565
2.349979,0.071431,0.109532
1.970655,0.029350,0.119896
2.404653,0.045639,0.057618
1.173956,0.028207,0.060762
1.314746,0.021889,0.100781
1.951139,0.031845,0.175964
1.755396,0.070612,0.067108
1.927263,0.028161,0.144512
1.585920,0.061065,0.041220
1.052465,0.061945,0.052583
1.731603,0.022657,0.142409
0.883738,0.061046,0.131282
1.151614,0.061641,0.113022
1.230579,0.029829,0.001869
1.674825,0.018704,0.104767
1.368276,0.063583,0.084898
1.335276,0.064637,0.116753
1.658078,0.059385,0.023221
1.878394,0.062249,0.049166
1.377960,0.049214,0.093275
1.666930,0.078627,0.154088
0.843890,0.062441,0.166447
1.693404,0.071820,0.200614
2.011855,0.054986,0.152254
1.572444,0.050478,0.082429
2.281707,0.033631,0.176618
1.749932,0.022014,0.118382
0.449987,0.062510,0.144262
1.203822,0.052471,0.197708
1.247127,0.028822,0.174083
2.481294,0.050074,0.150573
2.170738,0.035150,0.075735
2.115437,0.083700,0.128144
1.060093,0.089741,0.073451
1.332431,0.056847,0.177708
1.926988,0.058297,0.123164
1.521757,0.061163,0.000000
1.351696,0.054826,0.042449
1.693162,0.045911,0.187774
2.286510,0.040684,0.092458
1.463026,0.040967,0.109751
1.120859,0.027388,0.131136
1.814765,0.033914,0.144768
1.184211,0.055063,0.141017
1.483194,0.059095,0.074179
1.401767,0.045883,0.062671
1.411613,0.019028,0.075442
1.357562,0.044876,0.087925
1.469118,0.059589,0.143726
1.175117,0.025936,0.047898
1.256399,0.042962,0.061500
0.851942,0.040878,0.109071
1.797515,0.038852,0.079350
1.036651,0.049371,0.057579
1.786564,0.014283,0.082019
1.650554,0.053677,0.234652
1.674900,0.029919,0.095227
0.611877,0.048388,0.058347
1.957695,0.039009,0.094162
1.182221,0.084777,0.083938
2.416279,0.066283,0.124103
1.684367,0.057876,0.003616
1.360558,0.066903,0.097555
0.797405,0.048952,0.185205
2.123446,0.048760,0.147572
1.316746,0.015923,0.053777
2.281444,0.044520,0.087831
1.350081,0.088083,0.181298
2.609390,0.046819,0.114781
0.741679,0.079539,0.041611
1.608388,0.028054,0.070557
1.081369,0.037842,0.073044
1.225866,0.066667,0.044757
1.610271,0.074359,0.074340
1.141041,0.045390,0.158986
1.597054,0.039376,0.124194
0.948854,0.063627,0.120430
1.346096,0.033228,0.055666
1.767409,0.074580,0.068135
1.729193,0.008259,0.070769
1.484471,0.031806,0.053175
1.166110,0.055844,0.090634
0.380884,0.007586,0.069657
1.728843,0.000000,0.075013
1.236876,0.077767,0.080749
1.691494,0.052825,0.000000
1.884104,0.054308,0.125413
3.463119,0.008318,0.186235
1.356276,0.055747,0.097724
1.287882,0.038603,0.116475
0.741413,0.065012,0.079190
0.934965,0.041000,0.162857
1.232332,0.057169,0.063452
1.878961,0.063710,0.192430
1.412218,0.063373,0.104903
2.147936,0.035623,0.137250
1.402651,0.048716,0.104588
1.626120,0.047675,0.110736
2.289059,0.069709,0.143458
1.272230,0.032215,0.147765
1.938023,0.079453,0.069801
1.385226,0.017210,0.080376
1.998285,0.040670,0.132024
1.404748,0.056481,0.042615
1.542605,0.000000,0.090655
0.684763,0.074120,0.138870
1.733335,0.080420,0.052554
2.373682,0.068644,0.088172
2.067810,0.027874,0.058774
1.195705,0.039420,0.047172
2.111542,0.044823,0.117625
1.214824,0.013588,0.113503
0.543873,0.048627,0.031584
2.493638,0.068227,0.105288
2.131853,0.033074,0.127174
1.599905,0.055280,0.163618
1.866246,0.055774,0.017256
1.019977,0.047546,0.104669
0.934898,0.098234,0.175820
1.801059,0.051441,0.089390
1.024041,0.051550,0.112888
0.879120,0.056684,0.092237
0.546096,0.032792,0.079320
2.443844,0.061131,0.033226
1.743018,0.019054,0.154135
1.264438,0.048127,0.166290
0.856418,0.022058,0.070820
2.019189,0.019613,0.000000
1.274421,0.061035,0.160013
1.268419,0.041771,0.157695
0.565129,0.042230,0.109521
1.724609,0.039804,0.101722
0.255836,0.036835,0.122675
1.008853,0.051180,0.122344
1.328725,0.053409,0.051863
1.396694,0.062204,0.107849
1.206734,0.054484,0.135730
0.475029,0.073181,0.083187
1.712745,0.073945,0.031416
1.145279,0.044229,0.060812
2.367468,0.032865,0.072223
1.602195,0.025957,0.080216
1.658727,0.043343,0.095331
1.235334,0.019711,0.116080
2.377467,0.050368,0.111263
1.846361,0.024613,0.185126
1.601164,0.082637,0.063348
2.409031,0.065503,0.127652
1.617012,0.045029,0.160027
1.570180,0.010659,0.044141
1.407077,0.056200,0.097171
2.109485,0.010978,0.107179
0.591010,0.065194,0.095277
1.709805,0.032722,0.163973
2.020862,0.061671,0.093524
1.789929,0.035862,0.142778
2.324740,0.071412,0.063520
1.680709,0.024137,0.128620
1.725302,0.012604,0.041911
1.358431,0.043983,0.039526
1.694489,0.055029,0.090287
1.122104,0.070974,0.182770
1.258219,0.037757,0.124560
1.320985,0.047212,0.136983
0.545322,0.076366,0.103634
1.294253,0.048215,0.098121
0.634399,0.079899,0.102066
1.721501,0.069031,0.048942
1.736736,0.044647,0.142339
0.436386,0.048018,0.069859
1.716131,0.059401,0.064619
1.143913,0.047787,0.055168
1.920992,0.042616,0.000000
1.312589,0.029229,0.018436
0.881287,0.052188,0.166432
1.656592,0.037870,0.122795
1.270455,0.036108,0.042282
0.624086,0.042202,0.107903
1.451688,0.041681,0.052713
1.804123,0.023657,0.138801
0.998891,0.034951,0.026661
1.249299,0.069506,0.125781
1.989211,0.060443,0.044817
1.334605,0.034396,0.166529
0.901606,0.067874,0.144648
2.414810,0.041806,0.135616
2.640826,0.037647,0.023248
0.559995,0.064254,0.005842
1.313840,0.058746,0.109259
1.712722,0.054446,0.163943
1.023842,0.036460,0.061367
1.915096,0.068008,0.122561
2.091747,0.026439,0.183361
2.261619,0.064712,0.189090
0.671688,0.039511,0.063235
1.860740,0.028997,0.137875
2.185268,0.063904,0.114188
1.006063,0.033063,0.162481
1.889675,0.049220,0.079105
0.487096,0.028583,0.195571
0.859772,0.053790,0.150372
0.872539,0.053694,0.146896
1.506250,0.107368,0.016570
2.029364,0.046544,0.138596
1.720654,0.035337,0.111450
0.571049,0.062065,0.114908
1.819330,0.071162,0.118381
1.574045,0.032379,0.064389
2.093367,0.078727,0.088094
1.523001,0.031908,0.158638
1.832708,0.088824,0.056084
1.310996,0.054629,0.132324
1.392166,0.032541,0.144070
1.860568,0.031675,0.167772
2.085099,0.052686,0.103980
1.777029,0.032766,0.101502
0.423808,0.067529,0.021925
2.251710,0.043398,0.089417
1.186133,0.044239,0.170927
0.256096,0.075539,0.116901
0.896489,0.028494,0.183820
1.027247,0.026933,0.156866
1.669276,0.031241,0.110831
0.987124,0.072016,0.153069
1.766003,0.057233,0.188059
1.499843,0.026363,0.122474
2.543024,0.029705,0.081927
1.708223,0.048922,0.050885
2.060929,0.096401,0.109807
1.047966,0.019021,0.112899
2.051939,0.059503,0.099880
1.205364,0.028157,0.141738
1.956886,0.019085,0.179492
1.787036,0.077992,0.032894
0.817088,0.047021,0.125139
2.398180,0.064122,0.087866
0.986815,0.074600,0.051765
2.314234,0.044312,0.179529
1.839466,0.047260,0.074030
1.329546,0.058566,0.103858
1.203094,0.046687,0.103929
0.435633,0.059163,0.051014
0.923334,0.016253,0.010305
0.822276,0.035820,0.197663
1.237060,0.053555,0.120024
1.565533,0.048451,0.040235
2.225464,0.086144,0.015867
0.987986,0.044404,0.051773
1.752983,0.035435,0.208253
2.095274,0.054251,0.151349
2.052950,0.038721,0.059189
1.539072,0.067233,0.106953
0.711502,0.033944,0.096301
1.462167,0.089451,0.030701
1.752795,0.079782,0.213572
1.297801,0.059829,0.128488
1.597741,0.048023,0.121799
0.233877,0.063641,0.106309
1.388763,0.090937,0.066253
1.298462,0.089831,0.058397
1.224942,0.047059,0.142037
1.603901,0.024147,0.073392
1.196323,0.048456,0.121292
1.709103,0.014480,0.153197
1.626284,0.077691,0.122210
2.050661,0.059331,0.167311
1.761125,0.048042,0.213622
1.944519,0.061475,0.036185
0.855846,0.055854,0.107276
1.192939,0.052820,0.179431
1.847701,0.027180,0.094425
1.097517,0.042246,0.079319
1.261177,0.024897,0.093617
1.219696,0.000000,0.202649
2.044385,0.042474,0.100941
0.914173,0.083914,0.194864
1.578347,0.070471,0.108764
0.831637,0.041764,0.106596
1.272726,0.045627,0.095430
1.459561,0.051045,0.046970
1.141492,0.024308,0.148891
0.447177,0.073072,0.169317
1.348910,0.000000,0.081934
1.467908,0.029788,0.074239
2.265098,0.063299,0.053772
0.701200,0.043460,0.089327
1.748100,0.039294,0.125575
2.467577,0.066310,0.097596
1.408425,0.042867,0.159032
1.186343,0.050904,0.102560
1.249108,0.022551,0.116149
1.469498,0.060005,0.073320
2.110411,0.032465,0.185602
0.626182,0.058695,0.123772
1.102221,0.058488,0.163976
0.391591,0.060055,0.000000
1.017168,0.082583,0.070911
0.913060,0.046041,0.203395
0.584159,0.028974,0.174872
2.428851,0.047931,0.038047
2.547922,0.081889,0.133947
1.093799,0.049019,0.091982
1.665426,0.079020,0.143971
0.961312,0.077530,0.115657
1.843533,0.079331,0.044421
1.482087,0.039371,0.021607
1.673355,0.100231,0.007996
1.483860,0.062811,0.106154
1.443436,0.024016,0.111639
1.121618,0.006202,0.159730
1.979193,0.051033,0.111454
2.037159,0.054487,0.145201
1.351259,0.076240,0.116039
1.597026,0.024599,0.114348
1.084023,0.037234,0.059231
0.966883,0.092495,0.166567
2.460184,0.025542,0.103563
0.853246,0.036086,0.054094
2.119792,0.042075,0.153419
1.802060,0.096073,0.026028
2.129617,0.072929,0.051331
2.003567,0.056723,0.088626
1.088032,0.035618,0.202491
1.500341,0.065643,0.060455
1.110074,0.071640,0.032521
1.292393,0.050681,0.105569
1.410453,0.057916,0.134643
1.867319,0.030284,0.085792
2.097381,0.067893,0.031357
1.675740,0.010435,0.102347
2.448884,0.031042,0.058284
1.882015,0.019144,0.068362
1.798221,0.037314,0.088202
1.872093,0.058431,0.113341
1.330439,0.057401,0.093813
1.728903,0.040061,0.090872
1.005021,0.049300,0.059450
0.942977,0.055173,0.110637
1.891437,0.041377,0.120403
1.775399,0.058895,0.058717
1.574682,0.057283,0.100359
0.456761,0.053210,0.210627
1.319980,0.035438,0.118667
1.656189,0.073855,0.037107
1.865690,0.061808,0.092893
1.669344,0.070589,0.143616
0.928490,0.066403,0.096766
1.536437,0.051464,0.092488
2.095854,0.048326,0.044023
1.303235,0.053574,0.161461
1.801547,0.032989,0.224259
1.632388,0.075508,0.092414
1.766680,0.066789,0.160910
2.028684,0.067444,0.084246
1.214127,0.056652,0.146656
1.388640,0.071303,0.172631
1.041840,0.033262,0.092981
1.653806,0.039509,0.167610
1.712033,0.050789,0.028205
0.842092,0.055620,0.000000
2.006319,0.046837,0.262155
2.653958,0.046371,0.094683
1.997791,0.084063,0.018099
0.606812,0.037559,0.129137
1.748437,0.071395,0.040015
0.341928,0.067160,0.058590
0.490756,0.052901,0.139659
1.438971,0.040843,0.092032
1.314709,0.023039,0.064266
1.760640,0.056434,0.108403
1.002426,0.046370,0.000000
1.589238,0.078577,0.026293
1.207036,0.056582,0.162642
1.275888,0.036155,0.001554
1.551719,0.090842,0.113868
1.488861,0.056442,0.099445
1.093493,0.066466,0.111288
1.508807,0.030493,0.165175
1.832351,0.038942,0.150091
1.251215,0.034360,0.062015
0.614466,0.059431,0.008443
0.885778,0.008488,0.095697
1.424840,0.043466,0.047871
0.913883,0.059287,0.072472
1.658179,0.032295,0.109053
2.151639,0.061723,0.079379
1.628599,0.045187,0.100394
1.337194,0.046713,0.110605
1.003321,0.029682,0.030573
0.699864,0.025654,0.107973
1.053606,0.060272,0.101736
0.515748,0.063100,0.140540
1.003069,0.058404,0.057175
1.548835,0.024710,0.010345
1.308591,0.047525,0.080116
0.907985,0.042002,0.113465
1.477553,0.053650,0.066494
2.085859,0.026477,0.124378
2.090946,0.059618,0.089874
1.235851,0.070722,0.028851
1.014938,0.042049,0.161883
1.689884,0.030639,0.084485
1.192838,0.035804,0.148944
0.814128,0.082176,0.141411
2.045431,0.040741,0.092503
0.783424,0.039507,0.124683
2.148032,0.027857,0.081725
1.424350,0.022084,0.129567
1.138005,0.046092,0.077403
1.105331,0.049859,0.089220
1.314071,0.035431,0.115976
2.326809,0.052798,0.149806
0.804889,0.053155,0.045132
0.761538,0.035213,0.159595
1.975008,0.054860,0.023365
1.401860,0.056034,0.108777
0.578103,0.032194,0.096796
1.768145,0.006077,0.091894
1.571524,0.066992,0.134643
1.791286,0.034001,0.004600
1.303474,0.070033,0.169673
1.855275,0.058587,0.118982
1.221941,0.047399,0.183453
1.028721,0.082296,0.083899
2.162716,0.021864,0.129295
1.131615,0.021695,0.110927
2.004736,0.033101,0.025049
1.454078,0.048251,0.127416
1.974797,0.048812,0.192775
1.612117,0.043071,0.019422
1.368670,0.043272,0.148015
1.731242,0.026413,0.108613
1.835766,0.080561,0.144375
1.880423,0.051202,0.119416
2.124752,0.023344,0.082528
1.113716,0.057583,0.161511
1.201513,0.002194,0.079389
1.956737,0.060753,0.121409
1.360003,0.024419,0.125765
1.082859,0.093682,0.128525
1.209676,0.037772,0.095353
1.380249,0.072337,0.109321
1.134184,0.087809,0.102465
1.884420,0.037835,0.118156
1.655555,0.012207,0.200764
2.145322,0.042056,0.044887
1.673781,0.051734,0.117783
1.595789,0.060125,0.172365
1.784052,0.029007,0.168128
2.320307,0.113041,0.043825
1.621441,0.008358,0.127657
1.225900,0.088469,0.061269
0.655408,0.040575,0.001226
1.875550,0.008698,0.101423
0.461094,0.043594,0.182169
1.680324,0.032730,0.098440
1.509008,0.059453,0.031657
1.796284,0.000000,0.068506
1.255863,0.062667,0.101132
0.797218,0.030300,0.109934
1.460466,0.038418,0.075958
1.848084,0.039646,0.095595
2.584968,0.021526,0.007408
1.891795,0.036427,0.084088
1.109422,0.044804,0.179927
1.901064,0.067244,0.029189
0.924423,0.000000,0.059531
1.978352,0.060339,0.088924
1.488850,0.036222,0.110238
1.882939,0.017682,0.114982
1.966217,0.041698,0.135035
2.907327,0.047913,0.119665
1.130971,0.053625,0.123014
1.597421,0.029606,0.110318
2.231098,0.058973,0.148099
1.381494,0.064998,0.113963
1.024545,0.056370,0.050415
1.183560,0.053787,0.114862
0.905384,0.071080,0.128600
1.147636,0.019248,0.092755
1.277028,0.052263,0.081844
0.496272,0.042233,0.084719
1.816831,0.036036,0.183934
0.544180,0.076223,0.088784
1.929792,0.051596,0.156978
1.306319,0.028028,0.171025
1.443260,0.054431,0.161738
0.984022,0.061910,0.070505
1.433915,0.051446,0.024989
1.110581,0.077021,0.144310
1.468680,0.054862,0.085288
2.178292,0.045993,0.111592
2.073015,0.034453,0.177939
0.734769,0.082593,0.081366
1.378651,0.012200,0.077260
0.980097,0.037847,0.093134
1.978896,0.054152,0.115384
0.952240,0.032385,0.189936
1.132399,0.083124,0.087847
1.501144,0.071407,0.163595
1.444594,0.042235,0.097204
1.668979,0.067826,0.100211
1.809443,0.082767,0.119065
1.655826,0.019622,0.000000
1.694188,0.048104,0.074261
1.621765,0.048792,0.156389
1.543055,0.035062,0.149508
1.391434,0.060531,0.076129
1.175087,0.051683,0.100641
1.739914,0.044627,0.008182
1.283613,0.065876,0.085131
1.376808,0.069728,0.064401
0.728598,0.046787,0.075791
1.016877,0.046492,0.124575
1.495356,0.056140,0.190670
1.328561,0.055567,0.074539
1.076820,0.038302,0.076062
1.679738,0.096982,0.064198
1.291687,0.048738,0.119790
1.631775,0.075682,0.000000
0.306535,0.040082,0.154865
0.717176,0.000000,0.128559
1.621829,0.028196,0.050723
1.015128,0.052211,0.068684
1.747032,0.000000,0.057157
0.936973,0.044873,0.073098
1.898922,0.012813,0.102275
1.779168,0.087133,0.075912
1.662229,0.013923,0.000000
1.922387,0.049889,0.158926
0.813299,0.060398,0.193441
1.709853,0.055532,0.100428
0.714559,0.077111,0.069457
1.752242,0.018739,0.041027
2.217544,0.043054,0.172664
1.460885,0.013162,0.144603
1.205054,0.063974,0.101261
0.728441,0.053286,0.209811
1.746493,0.048850,0.153767
1.605334,0.054191,0.045419
1.616924,0.070709,0.058197
2.212248,0.048166,0.055612
1.998816,0.044264,0.137976
1.354121,0.048803,0.124678
1.645449,0.010089,0.043938
1.964705,0.047357,0.073813
0.820713,0.028405,0.000000
1.449360,0.038031,0.051671
1.465938,0.057279,0.204660
0.744058,0.073188,0.148655
1.110454,0.054065,0.077118
1.592844,0.080183,0.130280
1.754304,0.041394,0.025797
1.395766,0.074132,0.023642
0.972455,0.052525,0.050767
1.103738,0.041528,0.031719
1.012939,0.064069,0.034632
0.701064,0.037400,0.136598
1.401539,0.040708,0.102218
0.627146,0.059894,0.119172
1.295346,0.070118,0.043625
2.063954,0.053090,0.083172
1.490063,0.047855,0.161014
0.961660,0.034750,0.151815
1.202233,0.068011,0.184972
1.299102,0.063627,0.042315
1.877367,0.053988,0.123652
1.177214,0.016778,0.125163
0.468298,0.043653,0.147059
1.595949,0.088967,0.151255
1.173051,0.050546,0.097631
0.708912,0.031192,0.071962
0.481890,0.050950,0.087546
0.663553,0.058084,0.135794
1.613517,0.043519,0.129572
1.840110,0.056148,0.058769
1.638300,0.073910,0.070169
2.548970,0.039487,0.101620
1.163757,0.054465,0.012889
1.226979,0.028158,0.106767
1.997224,0.062920,0.000000
2.521035,0.055906,0.061175
1.578564,0.053524,0.066658
1.598958,0.037851,0.079782
1.156860,0.021347,0.107292
1.792650,0.060298,0.140996
1.662170,0.039345,0.141983
0.821241,0.031987,0.051790
2.040028,0.068856,0.124365
2.035965,0.032414,0.117430
1.437413,0.066938,0.094239
1.307529,0.060818,0.143808
1.165827,0.048778,0.047078
0.250969,0.054009,0.130445
1.631033,0.011009,0.082458
0.390826,0.077394,0.045697
2.127702,0.068917,0.054970
0.933608,0.057007,0.057784
1.551242,0.040343,0.010942
0.384766,0.054534,0.071922
1.223455,0.063917,0.158672
1.363728,0.043188,0.125007
0.821532,0.054463,0.127594
1.840115,0.011265,0.061932
1.060868,0.051998,0.124037
2.248355,0.040101,0.075121
2.074836,0.055932,0.163383
1.644364,0.026858,0.033344
0.724244,0.063241,0.159430
2.424681,0.066862,0.158142
1.209992,0.026872,0.142504
1.708840,0.052149,0.119369
1.661593,0.075676,0.164749
1.772110,0.066916,0.125703
1.269415,0.065131,0.030275
2.026946,0.026110,0.114290
1.077423,0.061068,0.098304
0.702622,0.058414,0.071104
1.940573,0.050027,0.119771
1.021216,0.038213,0.077068
1.928351,0.083548,0.059741
2.038424,0.006606,0.040291
1.020611,0.022950,0.020821
1.706499,0.045719,0.118970
1.845236,0.055312,0.132888
1.465234,0.026260,0.152891
1.205444,0.031288,0.091104
1.043595,0.041651,0.117203
1.674171,0.032043,0.075615
2.037167,0.059928,0.203753
2.090064,0.072886,0.030607
1.881930,0.048938,0.072451
1.584008,0.068904,0.125042
1.060763,0.064849,0.068121
1.608342,0.043933,0.089057
1.883121,0.029196,0.197260
0.589457,0.038047,0.118511
1.792157,0.047990,0.097130
1.705275,0.045379,0.169659
1.919675,0.067456,0.051692
1.460306,0.043991,0.049720
1.680082,0.039247,0.132770
0.964904,0.084381,0.055183
1.609651,0.065837,0.071468
1.926234,0.025416,0.172606
1.507075,0.038072,0.085041
1.904460,0.038311,0.062532
1.389232,0.026461,0.191027
1.216803,0.066632,0.110474
1.007733,0.049881,0.139200
1.405869,0.073862,0.151076
1.959457,0.040807,0.046008
1.193206,0.053925,0.127289
0.414214,0.049838,0.107904
1.361228,0.075825,0.121089
2.155096,0.045681,0.146874
2.317533,0.076234,0.045393
1.373162,0.043097,0.124463
1.843177,0.033222,0.103392
0.490036,0.078839,0.074381
1.527932,0.043807,0.157301
0.081247,0.049668,0.094709
1.273182,0.084525,0.055634
1.885898,0.057125,0.163076
1.166405,0.035341,0.154803
1.712661,0.019101,0.073035
1.693191,0.066755,0.066038
0.042872,0.060464,0.038984
0.491331,0.000000,0.140699
1.564309,0.045487,0.169451
1.818662,0.082326,0.030363
1.482725,0.017666,0.088531
1.375692,0.062532,0.102278
1.811704,0.064069,0.207746
1.342352,0.031180,0.112304
1.098860,0.079639,0.085839
1.217212,0.040574,0.135921
1.421127,0.037167,0.183268
1.071915,0.050711,0.132615
0.684332,0.059605,0.047245
1.911391,0.030747,0.134638
2.052917,0.067229,0.112566
1.384350,0.038472,0.173552
1.150252,0.029259,0.133268
1.101932,0.030999,0.027820
1.258545,0.048346,0.112155
1.975653,0.060538,0.090456
1.400902,0.060203,0.163629
1.563157,0.040617,0.050357
0.777397,0.063325,0.128899
1.788682,0.047427,0.170347
1.257941,0.069105,0.098063
1.195825,0.061851,0.120482
1.678486,0.051626,0.098105
2.694186,0.073685,0.136141
1.555900,0.070143,0.125900
1.513102,0.043929,0.095954
0.000000,0.054212,0.075576
2.296335,0.050387,0.040552
1.475060,0.029078,0.123670
1.645474,0.069157,0.060456
1.517004,0.022700,0.135075
1.759436,0.059916,0.100081
1.707386,0.082087,0.085745
1.569323,0.028277,0.056587
1.548907,0.072079,0.087186
1.382042,0.041862,0.073262
1.647486,0.020055,0.164047
1.167289,0.064438,0.036500
1.834420,0.063439,0.119210
1.002786,0.054991,0.040847
1.373618,0.070588,0.139835
1.507591,0.030504,0.132279
1.509691,0.003594,0.139131
1.487884,0.074049,0.045236
0.000000,0.055582,0.114578
0.654664,0.030430,0.237761
1.347195,0.064619,0.067467
0.454849,0.046595,0.086720
1.300061,0.047707,0.113213
1.424942,0.024720,0.124309
0.525314,0.008993,0.136959
1.753510,0.048852,0.030228
1.146045,0.044745,0.020205
1.130486,0.063047,0.171365
1.290283,0.065130,0.004297
1.829726,0.033921,0.115367
1.376124,0.076408,0.056278
1.813803,0.044410,0.092085
1.408073,0.033087,0.099295
1.468676,0.054825,0.104225
1.898997,0.068470,0.047469
1.934386,0.026273,0.129393
1.809869,0.011774,0.104649
1.265752,0.034825,0.167543
1.173160,0.033872,0.103785
1.842795,0.047167,0.158319
1.765488,0.006436,0.073527
1.219079,0.059587,0.000000
2.774505,0.060621,0.107444
2.090784,0.096873,0.143537
1.974407,0.052614,0.092924
1.262102,0.033478,0.065649
0.824722,0.048483,0.015767
1.595458,0.049273,0.107347
1.238934,0.111537,0.168006
0.877729,0.054657,0.069600
0.992760,0.023199,0.121611
1.159310,0.069357,0.149689
2.186957,0.032952,0.123768
1.816227,0.040516,0.061411
2.304760,0.054550,0.131798
1.088962,0.025614,0.071528
1.437989,0.028716,0.099508
0.655747,0.027599,0.133546
1.801895,0.042162,0.049112
0.986298,0.042535,0.132226
1.964123,0.040069,0.042325
1.633922,0.033529,0.074087
2.162638,0.066542,0.107899
0.864040,0.054228,0.153133
1.312183,0.077022,0.164637
2.331866,0.056105,0.129370
2.207094,0.058948,0.074938
1.275729,0.054771,0.035472
1.428371,0.071931,0.000000
2.267241,0.072447,0.077012
1.771695,0.050063,0.161500
1.991342,0.021999,0.129363
1.397186,0.051657,0.063591
2.374069,0.070801,0.063011
0.832695,0.042287,0.121725
1.620103,0.075063,0.139496
1.984785,0.056537,0.030535
1.402151,0.071202,0.097424
1.751545,0.043625,0.048509
1.438328,0.056181,0.067216
1.382144,0.031211,0.155962
1.352772,0.079055,0.176437
1.459477,0.029831,0.000000
0.763981,0.022523,0.168923
1.557912,0.057792,0.000000
0.901017,0.067742,0.114339
1.426397,0.061297,0.181790
1.389479,0.051387,0.109630
2.696055,0.008013,0.134161
1.442599,0.061335,0.067131
1.475517,0.064228,0.255646
1.904018,0.033039,0.078812
1.273293,0.014087,0.083495
1.866415,0.024515,0.152424
1.743887,0.035315,0.092924
2.299161,0.064671,0.100439
1.381158,0.051532,0.074412
0.447625,0.090844,0.107766
1.699074,0.048842,0.063244
1.407038,0.018012,0.213854
0.882744,0.029361,0.077987
2.144038,0.050290,0.038193
2.127169,0.064620,0.126922
1.857867,0.097887,0.209255
1.156642,0.082478,0.119158
1.749548,0.016155,0.091481
1.093588,0.066561,0.153554
0.462757,0.049559,0.156093
1.406661,0.064581,0.117558
1.670830,0.044574,0.039171
0.939235,0.064187,0.100973
1.430744,0.041522,0.084741
2.023456,0.043295,0.032947
1.871826,0.045902,0.101570
2.303789,0.049589,0.114459
0.910538,0.045607,0.130476
0.722313,0.054017,0.105040
1.520644,0.070743,0.116722
2.239036,0.030128,0.106796
1.542233,0.028615,0.147815
2.662337,0.049660,0.125251
1.542259,0.035728,0.008962
1.147113,0.022161,0.185205
1.442445,0.043082,0.144458
0.939124,0.034663,0.103404
2.014384,0.060034,0.112416
1.539059,0.058005,0.110083
0.985014,0.050922,0.046316
1.540541,0.040387,0.226969
1.480053,0.021915,0.093291
1.759679,0.083467,0.070527
0.708786,0.066337,0.030970
1.281922,0.044848,0.096518
1.844582,0.036327,0.086314
1.492865,0.052992,0.104891
1.718003,0.066877,0.119632
1.726793,0.018356,0.102511
1.739754,0.064579,0.065382
1.170480,0.038518,0.126821
2.016941,0.041851,0.145398
1.561740,0.047514,0.089431
1.873306,0.056512,0.213791
1.073888,0.060362,0.073540
1.065357,0.049783,0.106868
2.959087,0.046317,0.043491
1.636505,0.008507,0.095402
1.508013,0.065892,0.148681
1.248215,0.046988,0.061694
0.935969,0.056198,0.036321
1.292687,0.030097,0.127484
2.400715,0.023968,0.007349
1.437557,0.050314,0.110933
1.276840,0.045987,0.118376
2.020215,0.010899,0.081553
1.606904,0.031640,0.186558
1.182295,0.049174,0.127801
1.204358,0.013069,0.078567
2.014720,0.043262,0.057678
1.962836,0.043385,0.074492
1.574728,0.065415,0.219086
1.913618,0.073197,0.074702
0.987066,0.051247,0.105358
0.960744,0.046494,0.119966
1.680197,0.060086,0.114548
1.246496,0.039722,0.040052
2.392388,0.050269,0.088757
1.035604,0.108713,0.046334
1.285576,0.058317,0.130011
1.978966,0.086152,0.125308
0.971985,0.044861,0.115392
2.534113,0.022044,0.160129
1.589957,0.066757,0.094900
1.078784,0.065017,0.132722
1.986028,0.049734,0.070009
0.720607,0.066387,0.121194
1.017109,0.039229,0.076662
0.758508,0.033646,0.043308
1.293760,0.035226,0.018650
2.511295,0.075051,0.061049
1.636211,0.058349,0.159554
1.090697,0.071842,0.072605
0.832069,0.064483,0.164538
2.793954,0.026005,0.134946
1.295099,0.065667,0.026476
0.868615,0.034483,0.103948
1.179459,0.063181,0.151345
1.799789,0.082376,0.120791
0.891552,0.077268,0.069742
1.955209,0.081475,0.122834
0.751921,0.031636,0.166137
1.415439,0.051591,0.137941
1.848161,0.055576,0.089567
1.343666,0.067158,0.127678
1.371350,0.071642,0.093548
1.074169,0.034821,0.051063
1.363795,0.074674,0.059745
1.594238,0.036866,0.086985
0.744979,0.045589,0.090315
1.770144,0.054466,0.040080
2.042099,0.054206,0.109920
1.495409,0.039645,0.110890
1.737794,0.015062,0.073062
1.372527,0.055123,0.159666
1.114130,0.040041,0.074373
1.099236,0.043056,0.138540
0.973082,0.058556,0.014905
1.219331,0.043410,0.183743
1.362599,0.005975,0.000056
1.517015,0.062275,0.118773
1.583785,0.073245,0.073020
1.947455,0.017360,0.054753
0.596479,0.044503,0.097687
1.557051,0.051238,0.053622
1.404880,0.020051,0.168161
1.348187,0.040222,0.179447
0.878877,0.027488,0.045189
1.466064,0.058633,0.136984
2.785998,0.005011,0.130437
1.221435,0.038272,0.069011
1.045615,0.083690,0.142115
1.511598,0.077020,0.024374
0.834647,0.006441,0.065029
1.580849,0.052057,0.107467
0.794472,0.066063,0.111981
1.866527,0.012145,0.115575
0.906117,0.042054,0.126718
1.545547,0.032969,0.100314
0.734232,0.073005,0.089736
2.059275,0.039469,0.073821
1.117907,0.067523,0.064528
1.822298,0.042351,0.001202
1.214843,0.026418,0.101695
0.904796,0.068520,0.095446
1.411202,0.063118,0.148195
1.489951,0.034576,0.011302
1.156975,0.037656,0.105353
1.327427,0.063759,0.069351
1.471479,0.073680,0.117091
1.469981,0.037961,0.068338
1.074693,0.039180,0.137783
1.389056,0.023005,0.188408
1.659983,0.021861,0.077908
1.555443,0.084092,0.044594
1.988020,0.077990,0.068567
1.361243,0.029274,0.089827
1.481705,0.063193,0.154509
1.125952,0.010653,0.098938
1.646769,0.054988,0.083666
1.562376,0.080309,0.119087
1.313316,0.039996,0.091507
2.318370,0.046334,0.099010
1.258843,0.071980,0.197992
1.725307,0.051655,0.101839
0.307847,0.064903,0.106708
1.714171,0.035771,0.080777
1.294488,0.070432,0.081062
2.541330,0.058617,0.036216
1.435727,0.036966,0.000000
2.299735,0.064063,0.126660
1.582702,0.022360,0.075819
1.920890,0.028976,0.000000
1.386447,0.047165,0.106778
1.864259,0.062752,0.112938
2.097766,0.019621,0.125229
1.813269,0.025209,0.024856
1.127029,0.036769,0.137671
1.192731,0.032873,0.069418
2.059316,0.050261,0.091037
1.444997,0.075841,0.062541
2.157754,0.054210,0.091979
2.750450,0.028887,0.082316
0.883784,0.069049,0.184459
2.334961,0.074479,0.090119
1.317380,0.016577,0.201794
1.734489,0.040161,0.166403
1.013618,0.058132,0.091369
1.819339,0.048729,0.027454
1.537788,0.070977,0.098539
1.887558,0.029089,0.098687
1.187745,0.064940,0.101575
1.845037,0.071754,0.134581
1.636559,0.030036,0.099861
1.233455,0.043119,0.081273
1.010037,0.010853,0.066593
1.596690,0.023036,0.100784
2.450134,0.070461,0.182177
1.695564,0.073350,0.063802
1.177830,0.000000,0.159307
2.270162,0.038936,0.087302
1.123069,0.057653,0.156247
0.628614,0.058189,0.086166
1.556697,0.059180,0.090590
1.448207,0.045722,0.148516
1.709380,0.054412,0.036452
1.310710,0.067973,0.101885
1.829766,0.085330,0.151930
1.546579,0.039780,0.000000
1.415808,0.043480,0.119518
1.423047,0.043592,0.011030
1.030016,0.059533,0.185795
1.451237,0.056556,0.147624
1.094553,0.057336,0.062975
1.932412,0.053028,0.114923
1.108701,0.064141,0.204236
0.996044,0.043205,0.111580
1.893203,0.038809,0.000000
2.179595,0.065210,0.012853
1.196216,0.081364,0.172390
1.969320,0.046478,0.104149
1.434537,0.072565,0.056208
1.097100,0.070205,0.097782
2.189234,0.036570,0.097261
1.038794,0.050147,0.026073
1.256183,0.021275,0.134696
1.858295,0.015395,0.166694
2.748708,0.050920,0.067944
2.912165,0.023621,0.101005
1.589811,0.076903,0.117987
1.250683,0.030976,0.082909
0.996536,0.050957,0.071790
0.752981,0.075103,0.075116
0.865932,0.046635,0.103419
0.626767,0.056633,0.047642
2.355514,0.060479,0.080005
1.127416,0.047901,0.130640
1.487253,0.045657,0.102919
1.198071,0.043136,0.000000
1.986863,0.055976,0.061327
2.449367,0.051740,0.048193
1.928369,0.057961,0.119729
1.287122,0.059010,0.086912
1.777971,0.011901,0.078306
2.361078,0.034659,0.069808
1.276019,0.025704,0.000000
1.384707,0.052717,0.097375
1.427561,0.050861,0.151142
1.404777,0.038518,0.085944
1.789673,0.078241,0.068593
1.549467,0.056767,0.050371
1.510209,0.020687,0.011547
1.683373,0.042323,0.110114
1.491053,0.030472,0.097737
0.883449,0.077819,0.032201
1.402107,0.029155,0.128521
1.334284,0.039627,0.142660
1.514715,0.060333,0.050934
0.797592,0.052144,0.084058
1.813217,0.048402,0.110254
0.688309,0.087769,0.091788
1.848793,0.033278,0.115400
0.848578,0.059041,0.082201
1.514595,0.063959,0.038373
1.157754,0.059146,0.204911
1.430959,0.061823,0.094651
2.471123,0.015056,0.104731
0.687228,0.000000,0.114873
1.569749,0.044303,0.094690
3.049150,0.044836,0.125506
1.175318,0.055905,0.088088
1.294741,0.086378,0.158859
1.568373,0.003916,0.081950
2.851514,0.045387,0.155161
2.220971,0.054379,0.057909
0.282344,0.063683,0.059262
1.588075,0.025004,0.086738
1.516860,0.055372,0.044259
2.098455,0.038062,0.016277
1.445488,0.050688,0.108029
2.181066,0.045271,0.094019
0.948408,0.066411,0.109215
1.289986,0.011907,0.172221
0.886160,0.038174,0.117917
0.901721,0.020130,0.000000
1.860498,0.039096,0.246364
1.002822,0.031571,0.071730
1.621567,0.040596,0.130617
1.010706,0.022368,0.010089
0.388213,0.039639,0.084951
1.184281,0.074868,0.161402
1.332599,0.014122,0.071665
1.200089,0.036857,0.065114
1.173269,0.042269,0.068223
1.604161,0.057207,0.054468
2.135533,0.030399,0.019110
1.690389,0.033652,0.116065
0.298166,0.077849,0.133615
0.749762,0.020424,0.183613
1.131310,0.033316,0.000000
1.324611,0.045446,0.135775
0.800461,0.019594,0.122548
2.003365,0.018577,0.154076
1.518771,0.071836,0.096489
0.238861,0.046961,0.153007
1.053127,0.042241,0.091193
0.050243,0.083427,0.054931
1.752868,0.048266,0.162881
1.703028,0.045302,0.055324
1.898925,0.012531,0.132295
0.950478,0.075046,0.108065
1.822062,0.051640,0.012381
1.069635,0.063448,0.108333
2.090495,0.058065,0.051665
1.101968,0.052058,0.000000
2.336721,0.058835,0.161352
0.709698,0.074891,0.211575
0.839561,0.065428,0.100055
0.727783,0.059858,0.141680
1.199437,0.073318,0.016662
0.752622,0.052732,0.101269
1.141713,0.066192,0.126545
1.929070,0.047537,0.130129
1.277175,0.091076,0.059373
2.552649,0.050698,0.031224
2.184040,0.052518,0.142556
2.111928,0.056759,0.070388
1.987857,0.050015,0.134293
0.423135,0.058940,0.068071
2.326655,0.062462,0.111993
1.743155,0.030031,0.181163
2.495685,0.057858,0.179520
1.215426,0.034058,0.102046
1.717471,0.042120,0.126888
1.653195,0.030034,0.125940
1.931764,0.053429,0.157632
0.891298,0.059359,0.041486
